PC1	PC2	PC3	PC4	PC5
age	0.260926323349784	-0.665000843968751	0.025901507345132	-0.595045863333372	-0.367342978360965
size	-0.533136218347409	-0.202897485778017	0.582076239833182	0.317542625340918	-0.484718799990721
nodes	-0.558691214674988	-0.355336617668193	0.0894311264946741	-0.27160853908251	0.692698267574327
er	0.338820415103812	-0.605670116908251	-0.0722396810826616	0.676010538433343	0.236971762447264
rfstime	0.469838354568095	0.153316944315629	0.804549479541117	-0.119689828498352	0.306790343861432
